img/1.jpg,img/1_small.jpg,"July 14 2009 09:32:31.",777835
img/2.jpg,img/2_small.jpg,"July 14 2009 09:32:31.",845941
img/3.jpg,img/3_small.jpg,"July 14 2009 09:32:31.",595284
img/4.jpg,img/4_small.jpg,"July 14 2009 09:32:31.",775702
img/5.jpg,img/5_small.jpg,"July 14 2009 09:32:31.",780831
img/6.jpg,img/6_small.jpg,"July 14 2009 09:32:31.",561276
img/7.jpg,img/7_small.jpg,"July 14 2009 09:32:31.",620888
img/8.jpg,img/8_small.jpg,"July 14 2009 09:32:31.",620888
img/9.jpg,img/9_small.jpg,"July 14 2009 09:32:31.",620888
img/10.jpg,img/10_small.jpg,"July 14 2009 09:32:31.",620888
img/11.jpg,img/11_small.jpg,"July 14 2009 09:32:31.",845941
